<?xml version="1.0" encoding="utf-8"?>
<manifest xmlns="http://www.imsglobal.org/xsd/imscp_v1p1" xmlns:adlcp="http://www.adlnet.org/xsd/adlcp_v1p3" xmlns:lom="http://ltsc.ieee.org/xsd/LOM" identifier="com.github.io.vlmantova.bookml.SCORM" xml:lang="en-GB" version="2025–26">
  <metadata>
    <schema>ADL SCORM</schema>
    <schemaversion>2004 3rd Edition</schemaversion>
    <lom:lom>
      <lom:general>
        <lom:title>
          <lom:string>Title of these slides</lom:string>
        </lom:title>
      </lom:general>
      <lom:lifeCycle>
        <lom:contribute>
          <lom:role>
            <lom:value>author</lom:value>
          </lom:role>
          <lom:entity><![CDATA[BEGIN:VCARD VERSION:2.1
FN:Author
END:VCARD]]></lom:entity>
        </lom:contribute>
        <lom:version>
          <lom:string>2025–26</lom:string>
        </lom:version>
      </lom:lifeCycle>
    </lom:lom>
  </metadata>
  <organizations>
    <organization identifier="org1">
      <title>Title of these slides</title>
      <item identifier="item1" identifierref="resource1">
        <title>Title of these slides</title>
      </item>
    </organization>
  </organizations>
  <resources>
    <resource identifier="resource1" type="webcontent" adlcp:scormType="asset" href="index.html">
      <file href="index.html"/>
      <file href="LaTeXML.css"/>
      <file href="Sx1.html"/>
      <file href="Sx2.html"/>
      <file href="Sx3.html"/>
      <file href="Sx4.html"/>
      <file href="Sx5.html"/>
      <file href="Sx6.html"/>
      <file href="bib.html"/>
      <file href="ltx-article.css"/>
      <file href="ltx-listings.css"/>
      <file href="ltx-ulem.css"/>
      <file href="main_HTML.pdf"/>
      <file href="search_index.json"/>
      <file href="bmluser/SoM.css"/>
      <file href="bmluser/colors.gitbook-main_HTML.css"/>
      <file href="bmluser/slides.css"/>
      <file href="bookml/CSS/style.css"/>
      <file href="bookml/CSS/style.gitbook,plain.css"/>
      <file href="bookml/CSS/style.gitbook.css"/>
      <file href="bookml/gitbook/css/plugin-bookdown.css"/>
      <file href="bookml/gitbook/css/plugin-fontsettings.css"/>
      <file href="bookml/gitbook/css/plugin-search.css"/>
      <file href="bookml/gitbook/css/plugin-table.css"/>
      <file href="bookml/gitbook/css/style.css"/>
      <file href="bookml/gitbook/css/fontawesome/fontawesome-webfont.ttf"/>
      <file href="bookml/gitbook/js/app.min.js"/>
      <file href="bookml/gitbook/js/jquery.highlight.js"/>
      <file href="bookml/gitbook/js/plugin-bookdown.js"/>
      <file href="bookml/gitbook/js/plugin-fontsettings.js"/>
      <file href="bookml/gitbook/js/plugin-search.js"/>
      <file href="bookml/js/mathjax3.js"/>
    </resource>
  </resources>
</manifest>
